trofast och lydig som en hund	faithful and obedient as a dog	Liknelser
självständig och graciös som en katt	independent and graceful as a cat	Liknelser
busig, gullig och lekfull som en kattunge	naughty, cute and playful as a kitten	Liknelser
tyst som en mus	quiet as a mouse	Liknelser
envis som en åsna	stubborn as a donkey	Liknelser
vacker som en svan	beautiful as a swan	Liknelser
hungrig som en varg	hungry as a wolf	Liknelser
listig som en räv	cunning as a fox	Liknelser
hal som en ål	slippery as an eel	Liknelser
flitig (arbetsam) som en myra	hard-working (industrious) as an ant	Liknelser
snabb som en vessla	fast as a weasel	Liknelser
stark som en oxe	strong as an ox	Liknelser
klok som en uggla	wise as an owl	Liknelser
dum som en gås	stupid as a goose	Liknelser
en älg	a moose / elk	Djur, fåglar och insekter
en varg	a wolf	Djur, fåglar och insekter
en vessla	a weasel	Djur, fåglar och insekter
en geting	a wasp	Djur, fåglar och insekter
ett bi	a bee	Djur, fåglar och insekter
en humla	a bumblebee	Djur, fåglar och insekter
en mask	a worm	Djur, fåglar och insekter
en orm	a snake	Djur, fåglar och insekter
en myra	an ant	Djur, fåglar och insekter
en fästing	a tick	Djur, fåglar och insekter
ett husdjur	a pet / domestic animal	Djur, fåglar och insekter
ett vilt djur	a wild animal	Djur, fåglar och insekter
en oxe	an ox	Djur, fåglar och insekter
en uggla	an owl	Djur, fåglar och insekter
en gås	a goose	Djur, fåglar och insekter
en svan	a swan	Djur, fåglar och insekter
en björn	a bear	Djur, fåglar och insekter
en kanin	a rabbit	Djur, fåglar och insekter
ett lodjur	a lynx	Djur, fåglar och insekter
en åsna	a donkey	Djur, fåglar och insekter
en häst	a horse	Djur, fåglar och insekter
drömmer (om ngn/ngt)	dream (about someone/something)	Barn och vuxna ...
längtar (efter ngn/ngt)	long (for someone/something)	Barn och vuxna ...
tjatar (på ngn om ngt)	nag (someone about something)	Barn och vuxna ...
övertalar sina föräldrar att skaffa	persuade their parents to get (a pet)	Barn och vuxna ...
sparar (till ngt)	save up (for something)	Barn och vuxna ...
stirrar på	stare at	Barn och vuxna ...
går förbi	walk past	Barn och vuxna ...
skaffar	get / acquire	Barn och vuxna ...
rider (på …)	ride (on …)	Att ta hand om ett djur
ramlar av	fall off	Att ta hand om ett djur
klappar	pet / stroke	Att ta hand om ett djur
leker (med …)	play (with …)	Att ta hand om ett djur
lockar (på …)	call / lure (to …)	Att ta hand om ett djur
matar	feed	Att ta hand om ett djur
tar hand om	take care of	Att ta hand om ett djur
går ut (med …)	go out (with …)	Att ta hand om ett djur
växer upp (med …)	grow up (with …)	Att ta hand om ett djur
är rädda (för …)	are afraid (of …)	Att ta hand om ett djur
är rädda (om …)	are protective (of …)	Att ta hand om ett djur
räddar	rescue / save	Att ta hand om ett djur
jagar	hunt	Att ta hand om ett djur
spolar ner (… i toaletten)	flush (… down the toilet)	Att ta hand om ett djur
avlivar	put down / euthanize	Att ta hand om ett djur
hostar	cough	Om man stöter på ett vilt och farligt djur
harklar sig	clear one's throat	Om man stöter på ett vilt och farligt djur
klappar i händerna	clap one's hands	Om man stöter på ett vilt och farligt djur
pratar vänligt för sig själv	talk kindly to oneself	Om man stöter på ett vilt och farligt djur
går sjungande	walk along singing	Om man stöter på ett vilt och farligt djur
går sakta bakåt utan att vända sig om	walk slowly backwards without turning around	Om man stöter på ett vilt och farligt djur
går förbi	walk past	Om man stöter på ett vilt och farligt djur
viftar med sina kläder	wave one's clothes	Om man stöter på ett vilt och farligt djur
överraskar inte	doesn't surprise (it)	Om man stöter på ett vilt och farligt djur
kommer inte för nära	doesn't get too close	Om man stöter på ett vilt och farligt djur
spelar (inte) död	play(s) (doesn't play) dead	Om man stöter på ett vilt och farligt djur
klättrar upp i ett träd	climb up a tree	Om man stöter på ett vilt och farligt djur
sparkar och slår så mycket man kan	kick and hit as much as one can	Om man stöter på ett vilt och farligt djur
sticker	sting	Vilka djur ...?
biter	bite	Vilka djur ...?
skrämmer	scare	Vilka djur ...?
anfaller, går till attack, attackerar	attack, go on the attack, attack	Vilka djur ...?
suger blod	suck blood	Vilka djur ...?
är rädda för människor	are afraid of people	Vilka djur ...?
orsakar mycket lidande	cause a lot of suffering	Vilka djur ...?
är giftiga	are poisonous	Vilka djur ...?
är farliga	are dangerous	Vilka djur ...?
överför smitta och sjukdomar	transmit infection and diseases	Vilka djur ...?
lufsar	plod / trudge along	Vilka djur ...?
tröstar	comfort	Vilka djur ...?
har bra luktsinne	have a good sense of smell	Vilka djur ...?
tjänar ~	earn (money)	Hur får jag pengar?
lånar ~	borrow (money)	Hur får jag pengar?
ärver ~	inherit (money)	Hur får jag pengar?
vinner ~	win (money)	Hur får jag pengar?
hittar ~	find (money)	Hur får jag pengar?
får löneförhöjning	get a pay raise	Hur får jag pengar?
stjäl ~	steal (money)	Hur får jag pengar?
gör av med pengar	spend money	Vad gör jag med pengarna?
spenderar ~	spend (it)	Vad gör jag med pengarna?
slösar ~	waste (it)	Vad gör jag med pengarna?
behöver ~	need (it)	Vad gör jag med pengarna?
lånar ut ~	lend (it) out	Vad gör jag med pengarna?
sparar ~	save (it)	Vad gör jag med pengarna?
investerar ~	invest (it)	Vad gör jag med pengarna?
köper ngt för ~na	buy something with the money	Vad gör jag med pengarna?
satsar ~ (på ngt)	bet / invest (money) (on something)	Vad gör jag med pengarna?
betalar lån	pay off a loan	Vad gör jag med pengarna?
använder dem på fel/rätt sätt	use them the wrong / right way	Vad gör jag med pengarna?
klara sig (på ngt)	get by (on something)	Vad gör jag med pengarna?
ha råd (med ngt)	afford (something)	Vad gör jag med pengarna?
pengar räcker/räcker inte (till ngt)	money is / isn't enough (for something)	Vad gör jag med pengarna?
ha tillräckligt med pengar (för ngt)	have enough money (for something)	Vad gör jag med pengarna?
tjäna på ngt	profit from something	Vad gör jag med pengarna?
högavlönat arbete	highly paid work	Vad gör jag med pengarna?
lågavlönat ~	low-paid (work)	Vad gör jag med pengarna?
priserna går upp/ner	prices go up / down	Vad gör jag med pengarna?
priserna höjs / sänks	prices are raised / lowered	Vad gör jag med pengarna?
yrke	occupation / profession	Ord: arbete och ekonomi
arbete	work / job	Ord: arbete och ekonomi
karriär	career	Ord: arbete och ekonomi
arbetslöshet	unemployment	Ord: arbete och ekonomi
lön	salary / wage	Ord: arbete och ekonomi
lån	loan	Ord: arbete och ekonomi
pension	pension	Ord: arbete och ekonomi
sjuklön	sick pay	Ord: arbete och ekonomi
socialbidrag	social welfare / benefits	Ord: arbete och ekonomi
veckopeng	weekly allowance	Ord: arbete och ekonomi
obekväm arbetstid	inconvenient / unsocial working hours	Ord: arbete och ekonomi
löneförhandling	wage negotiation	Ord: arbete och ekonomi
löneförhöjning	pay raise	Ord: arbete och ekonomi
karensdag	unpaid waiting day (first day of sick leave)	Ord: arbete och ekonomi
försäkringskassa	social insurance agency	Ord: arbete och ekonomi
a-kassa	unemployment insurance fund	Ord: arbete och ekonomi
anställning	employment	Ord: arbete och ekonomi
arbetsuppgift	task / duty	Ord: arbete och ekonomi
ansvar	responsibility	Ord: arbete och ekonomi
arbetsmiljö	work environment	Ord: arbete och ekonomi
arbetstider	working hours	Ord: arbete och ekonomi
status	status	Ord: arbete och ekonomi
attityd	attitude	Ord: arbete och ekonomi
investering	investment	Ord: arbete och ekonomi
utgift	expense	Ord: arbete och ekonomi
inkomst	income	Ord: arbete och ekonomi
jag är hellre hemma än på jobbet	I'd rather be home than at work	När det gäller arbete
jag är ansvarsfull (jag tar ansvar)	I am responsible (I take responsibility)	När det gäller arbete
hjälpsam	helpful	När det gäller arbete
självständig	independent	När det gäller arbete
jag jobbar stenhårt	I work really hard	När det gäller arbete
arbetet är krävande	the work is demanding	När det gäller arbete
motiverande	motivating	När det gäller arbete
meningsfullt / meningslöst	meaningful / meaningless	När det gäller arbete
jag är visionär	I am visionary	När det gäller arbete
gör det jag ska	do what I'm supposed to	När det gäller arbete
gör min plikt	do my duty	När det gäller arbete
Finns det något samband mellan dem?	Is there a connection between them?	Pengar och lycka?
pengar gör oss lyckliga / olyckliga	money makes us happy / unhappy	Pengar och lycka?
pengarnas lyckoeffekt	the happiness effect of money	Pengar och lycka?
kortvarig effekt	short-lived effect	Pengar och lycka?
pengar är ett nödvändigt ont	money is a necessary evil	Pengar och lycka?
aktar jag mig för oseriösa låneföretag	I'm wary of unscrupulous loan companies	När det gäller pengar
aktar jag mig för att låna ut pengar	I'm wary of lending out money	När det gäller pengar
är jag snål	I am stingy	När det gäller pengar
sparsam	thrifty	När det gäller pengar
stenrik	filthy rich	När det gäller pengar
urfattig	dirt poor	När det gäller pengar
generös	generous	När det gäller pengar
slösaktig	wasteful / extravagant	När det gäller pengar
pålitlig	reliable / trustworthy	När det gäller pengar
impulsiv	impulsive	När det gäller pengar
ekonomiskt självständig	financially independent	När det gäller pengar
oberoende	independent	När det gäller pengar
för att få upp konditionen	to improve my fitness	Varför tränar jag?
för att gå ner i vikt	to lose weight	Varför tränar jag?
för att bli smal	to become slim	Varför tränar jag?
för skönhetens skull	for the sake of beauty	Varför tränar jag?
för att stressa ner	to de-stress	Varför tränar jag?
för att utveckla mental styrka	to develop mental strength	Varför tränar jag?
för att testa mina gränser	to test my limits	Varför tränar jag?
för att tävla	to compete	Varför tränar jag?
eftersom jag gillar att utmana mig själv	because I like to challenge myself	Varför tränar jag?
för jag har ett stillasittande arbete	because I have a sedentary job	Varför tränar jag?
för att ha något att göra	to have something to do	Varför tränar jag?
för att orka med (ngt)	to be able to cope with (something)	Varför tränar jag?
för att prestera bättre	to perform better	Varför tränar jag?
Jag skäms för min kropp.	I'm ashamed of my body.	Hur mår man och vad säger man?
Jag blir andfådd.	I get out of breath.	Hur mår man och vad säger man?
Jag orkar inte!	I don't have the energy!	Hur mår man och vad säger man?
Jag är stressad.	I'm stressed.	Hur mår man och vad säger man?
Jag har ont om tid	I'm short on time	Hur mår man och vad säger man?
svårt att hitta tid	hard to find time	Hur mår man och vad säger man?
Jag hinner inte	I don't have time	Hur mår man och vad säger man?
Jag får ont i musklerna/benen/ryggen …	I get pain in my muscles/legs/back …	Hur mår man och vad säger man?
Så här kan jag inte fortsätta!	I can't go on like this!	Hur mår man och vad säger man?
Jag behöver något som får mig att stressa ner!	I need something that makes me de-stress!	Hur mår man och vad säger man?
Jag har sådan träningsvärk!	I'm so sore from training!	Hur mår man och vad säger man?
Jag är dödstrött!	I'm dead tired!	Hur mår man och vad säger man?
Ju mer jag tränar desto mer orkar jag.	The more I train, the more energy I have.	Hur mår man och vad säger man?
Jag är vältränad och muskulös men ändå smidig.	I'm fit and muscular but still agile.	Hur mår man och vad säger man?
Jag är nöjd med mitt liv.	I'm satisfied with my life.	Hur mår man och vad säger man?
utrustning	equipment	Vad behöver man?
skydd	protective gear	Vad behöver man?
redskap	tools / apparatus	Vad behöver man?
löparskor	running shoes	Vad behöver man?
träningsskor	training shoes	Vad behöver man?
träningskläder	training clothes	Vad behöver man?
egenskaper	qualities / traits	Vad behöver man?
ett glatt humör	a cheerful mood	Vad behöver man?
bollkänsla	ball sense	Vad behöver man?
tålamod	patience	Vad behöver man?
snabbhet	speed	Vad behöver man?
styrka	strength	Vad behöver man?
kondition	fitness / stamina	Vad behöver man?
envishet	stubbornness	Vad behöver man?
fantasi	imagination	Vad behöver man?
taktkänsla	sense of rhythm	Vad behöver man?
taktik	tactics	Vad behöver man?
uthållighet	endurance	Vad behöver man?
håller sig i form	keeps in shape	Vad gör man?
bygger (gradvis) upp konditionen/musklerna	(gradually) builds up fitness/muscles	Vad gör man?
skär ner på (onyttig mat)	cuts down on (unhealthy food)	Vad gör man?
kommer igång med träningen	gets started with training	Vad gör man?
börjar träna efter ett uppehåll	starts training after a break	Vad gör man?
rör på sig	moves / exercises	Vad gör man?
tränar (för ett lopp/en tävling/en match)	trains (for a race/competition/match)	Vad gör man?
motionerar regelbundet	exercises regularly	Vad gör man?
anstränger mig	exert myself	Vad gör man?
blir svettig / svettas	gets sweaty / sweats	Vad gör man?
stretchar	stretches	Vad gör man?
försöker med olika bantningsmetoder	tries different dieting methods	Vad gör man?
äter nyttigt	eats healthily	Vad gör man?
äter ordentligt	eats properly	Vad gör man?
slutar slarva med maten	stops being careless with food	Vad gör man?
slutar med onyttig mat	quits unhealthy food	Vad gör man?
gör av med kalorier	burns calories	Vad gör man?
gör armhävningar	does push-ups	Vad gör man?
går med i tävlingar/lopp	enters competitions / races	Vad gör man?
deltar i träningspass, tävlingar	takes part in training sessions, competitions	Vad gör man?
vinner	wins	Vad gör man?
förlorar	loses	Vad gör man?
sysslar med olika typer av sport	engages in different types of sport	Vad gör man?
spelar bandy / basket / handboll	plays bandy / basketball / handball	Vad gör man?
åker skidor / slalom / skridskor	goes skiing / slalom skiing / skating	Vad gör man?
tränar/håller på med/går på dans/fäktning/kampsport/yoga	trains in / does / attends dance / fencing / martial arts / yoga	Vad gör man?
på (ett) gym	at a gym	Var tränar man?
i en förening (jag är med i en förening)	in a club (I'm a member of a club)	Var tränar man?
Det är jobbigt	It's hard / tough	Vad tycker man om träning?
Det är nödvändigt	It's necessary	Vad tycker man om träning?
Det är meningslöst	It's pointless	Vad tycker man om träning?
Det är ansträngande	It's strenuous	Vad tycker man om träning?
Det är fantastiskt roligt	It's incredibly fun	Vad tycker man om träning?
Det är tråkigt	It's boring	Vad tycker man om träning?
Träningen ska vara varierad och regelbunden	Training should be varied and regular	Vad tycker man om träning?
är politiskt aktiv	is politically active	Verbfraser om politisk aktivitet
arbetar (FÖR ngt)	works (for something)	Verbfraser om politisk aktivitet
sysslar med något / håller på med något	is engaged in / is doing something	Verbfraser om politisk aktivitet
röstar på/i	votes for / in	Verbfraser om politisk aktivitet
väljer	chooses / elects	Verbfraser om politisk aktivitet
tar makten	takes power	Verbfraser om politisk aktivitet
startar ett parti	starts a party	Verbfraser om politisk aktivitet
föreslår / lägger fram ett förslag	proposes / puts forward a proposal	Verbfraser om politisk aktivitet
beslutar (ngt/OM ngt) / fattar beslut	decides (something/on something) / makes a decision	Verbfraser om politisk aktivitet
bestämmer	decides	Verbfraser om politisk aktivitet
finansierar	finances	Verbfraser om politisk aktivitet
styr / har makten	governs / holds power	Verbfraser om politisk aktivitet
ordnar ett möte	arranges a meeting	Verbfraser om politisk aktivitet
sitter i möte	is in a meeting	Verbfraser om politisk aktivitet
informerar (någon) om något	informs (someone) about something	Verbfraser om politisk aktivitet
sätter upp något (affischer?)	puts up something (posters?)	Verbfraser om politisk aktivitet
delar ut något	hands out something	Verbfraser om politisk aktivitet
startar en kampanj	launches a campaign	Verbfraser om politisk aktivitet
protesterar mot något	protests against something	Verbfraser om politisk aktivitet
löser problem	solves problems	Verbfraser om politisk aktivitet
lokal	local	Nivåer
regional	regional	Nivåer
nationell	national	Nivåer
på lokal nivå	at the local level	Nivåer
jämlikhet och jämställdhet	equality and gender equality	Politiska frågor
klassamhället	the class society	Politiska frågor
en välfärdsstat	a welfare state	Politiska frågor
folkhemmet	"the people's home" (Swedish welfare-state ideal)	Politiska frågor
(en) kärnkraft	nuclear power	Politiska frågor
en frihet	a freedom	Politiska frågor
en rättighet	a right	Politiska frågor
rätt till något (abort, omsorg …)	right to something (abortion, care …)	Politiska frågor
skattetrycket	the tax burden	Politiska frågor
fyraprocentspärren	the four-percent threshold (election)	Politiska frågor
den svaga ekonomin	the weak economy	Politiska frågor
tack vare	thanks to	Blandade bra fraser
med undantag för	with the exception of	Blandade bra fraser
X år i rad	X years in a row	Blandade bra fraser
omkring X %	around X%	Blandade bra fraser
i detalj	in detail	Blandade bra fraser
hur något ska gå till	how something is supposed to work / happen	Blandade bra fraser
har olika åsikter/samma åsikt i en fråga	have different / the same opinion on an issue	Blandade bra fraser
står över något	is above something	Blandade bra fraser
en regering	a government	Funktioner och regioner
riksdagen	the Riksdag (Swedish parliament)	Funktioner och regioner
ett parti	a party	Funktioner och regioner
en koalition	a coalition	Funktioner och regioner
ett block	a bloc	Funktioner och regioner
en myndighet	an authority / agency	Funktioner och regioner
ett landsting	a county council	Funktioner och regioner
en kommun	a municipality	Funktioner och regioner
en stat	a state	Funktioner och regioner
allmänna val	general elections	Politiska aktiviteter
en röst (-er)	a vote(s)	Politiska aktiviteter
(ett) valdeltagande	voter turnout	Politiska aktiviteter
ett valmanifest	an election manifesto	Politiska aktiviteter
en lag (-ar)	a law(s)	Politiska aktiviteter
en reform (-er)	a reform(s)	Politiska aktiviteter
en skatt (-er)	a tax(es)	Politiska aktiviteter
en offentlig utgift	a public expense	Politiska aktiviteter
ett bidrag	a subsidy / grant	Politiska aktiviteter
en (mandat)period	a term of office	Politiska aktiviteter
en minister	a minister	Personer
en statsminister	a prime minister	Personer
en finansminister	a minister of finance	Personer
en utrikesminister	a minister of foreign affairs	Personer
en partiledare	a party leader	Personer
en medborgare	a citizen	Personer
en väljare	a voter	Personer
en statschef	a head of state	Personer
en kronprins (~prinsessa)	a crown prince (~princess)	Personer
regeringsformen (RF)	the Instrument of Government	Grundlagar i Sverige
successionsordningen (SO)	the Act of Succession	Grundlagar i Sverige
tryckfrihetsförordningen (TF)	the Freedom of the Press Act	Grundlagar i Sverige
yttrandefrihetslagen (YGL)	the Fundamental Law on Freedom of Expression	Grundlagar i Sverige
en god (gammal) vän	a good (old) friend	Ord för personer
en riktig vän / kompis	a real friend / mate	Ord för personer
en bekant (många bekanta)	an acquaintance (many acquaintances)	Ord för personer
en ovän	an enemy (lit. "non-friend")	Ord för personer
en fiende	an enemy	Ord för personer
en icke-rökare	a non-smoker	Ord för personer
en djurvän (~hatare)	an animal lover (~hater)	Ord för personer
en vegetarian	a vegetarian	Ord för personer
en nykterist	a teetotaler	Ord för personer
en soffpotatis	a couch potato	Ord för personer
en godisgris	a person who loves sweets (lit. "candy pig")	Ord för personer
en begåvning	a talented person	Ord för personer
en musikälskare	a music lover	Ord för personer
en blivande man/fru	a husband/wife-to-be	Ord för personer
ett ex	an ex	Ord för personer
en partner	a partner	Ord för personer
en kursare (en studiekamrat)	a fellow student (a study companion)	Ord för personer
en kollega (en arbetskamrat)	a colleague (a workmate)	Ord för personer
slår varandra en signal	give each other a call / text	Ett bevis på vänskap – är att man ...
liknar varandra	resemble each other	Ett bevis på vänskap – är att man ...
hör av sig till varandra	get in touch with each other	Ett bevis på vänskap – är att man ...
tittar förbi	drops by	Ett bevis på vänskap – är att man ...
hälsar på varandra	visits each other	Ett bevis på vänskap – är att man ...
lämnar sin vän ensam ibland	leaves their friend alone sometimes	Ett bevis på vänskap – är att man ...
brevväxlar med varandra	correspond with each other (by letter)	Ett bevis på vänskap – är att man ...
berömmer och uppmuntrar varandra	praise and encourage each other	Ett bevis på vänskap – är att man ...
stöttar varandra	support each other	Ett bevis på vänskap – är att man ...
aldrig tröttnar på varandra	never get tired of each other	Ett bevis på vänskap – är att man ...
njuter av varandras sällskap	enjoy each other's company	Ett bevis på vänskap – är att man ...
ofta samlas	often gather	Ett bevis på vänskap – är att man ...
inte vill förlora varandra	don't want to lose each other	Ett bevis på vänskap – är att man ...
upptäcker saker ihop	discover things together	Ett bevis på vänskap – är att man ...
har mycket gemensamt	have a lot in common	Ett bevis på vänskap – är att man ...
längtar efter varandra	long for each other	Ett bevis på vänskap – är att man ...
aktar sig (FÖR ngn/ngt)	is wary / careful (of someone/something)	Reflexiva verb
bryr sig (OM ngn/ngt)	cares (about someone/something)	Reflexiva verb
latar sig	is lazy / laze around	Reflexiva verb
hör av sig	gets in touch	Reflexiva verb
ångrar sig	regrets / changes their mind	Reflexiva verb
önskar sig	wishes for (themselves)	Reflexiva verb
sköter om sig	takes care of themselves	Reflexiva verb
skiljer sig (FRÅN ngn)	gets divorced (from someone)	Reflexiva verb
gifter sig (MED ngn)	gets married (to someone)	Reflexiva verb
koncentrerar sig (PÅ ngt)	concentrates (on something)	Reflexiva verb
aktiverar sig	becomes active	Reflexiva verb
anmäler sig (till)	signs up (for)	Reflexiva verb
bestämmer sig (för)	decides (on)	Reflexiva verb
förbereder sig (på/inför)	prepares (for)	Reflexiva verb
klarar sig	manages / gets by	Reflexiva verb
klipper sig	gets a haircut	Reflexiva verb
rakar sig	shaves	Reflexiva verb
torkar sig	dries themselves	Reflexiva verb
kammar sig	combs their hair	Reflexiva verb
lägger sig	goes to bed / lies down	Reflexiva verb
försover sig	oversleeps	Reflexiva verb
sätter sig	sits down	Reflexiva verb
ställer sig	stands / positions themselves	Reflexiva verb
trivs med varandra	enjoy being with each other	-s-verb
utvecklas tillsammans	develop together	-s-verb
förändras med tiden	change with time	-s-verb
umgås	socialize / spend time together	-s-verb
kramas	hug each other	-s-verb
träffas, hörs och ses	meet, hear from, and see each other	-s-verb
samlas	gather	-s-verb
ärlig ≠ oärlig (MOT ngn)	honest ≠ dishonest (to someone)	Jag önskar mig en vän som är ...
lojal (MOT ngn)	loyal (to someone)	Jag önskar mig en vän som är ...
utåtriktad	outgoing / extroverted	Jag önskar mig en vän som är ...
musikalisk	musical	Jag önskar mig en vän som är ...
intelligent, smart	intelligent, smart	Jag önskar mig en vän som är ...
hjälpsam	helpful	Jag önskar mig en vän som är ...
generös	generous	Jag önskar mig en vän som är ...
äventyrlig	adventurous	Jag önskar mig en vän som är ...
pålitlig	reliable	Jag önskar mig en vän som är ...
artig ≠ oartig	polite ≠ impolite	Jag önskar mig en vän som är ...
förmögen, rik ≠ fattig, helt pank	wealthy, rich ≠ poor, totally broke	... men det spelar ingen roll om hen är ...
känd	well-known	... men det spelar ingen roll om hen är ...
berömd	famous	... men det spelar ingen roll om hen är ...
charmig	charming	... men det spelar ingen roll om hen är ...
snygg	good-looking	... men det spelar ingen roll om hen är ...
religiös	religious	... men det spelar ingen roll om hen är ...
utåtriktad	outgoing	... men det spelar ingen roll om hen är ...
händig	handy / good with their hands	... men det spelar ingen roll om hen är ...
utbildad	educated	... men det spelar ingen roll om hen är ...
hopplös med pengar	hopeless with money	... men det spelar ingen roll om hen är ...
en förändring -ar	a change(s)	Vad kan påverka en vänskap?
en framgång -ar	a success(es)	Vad kan påverka en vänskap?
ett självförtroende	self-confidence	Vad kan påverka en vänskap?
en svårighet -er	a difficulty (-ies)	Vad kan påverka en vänskap?
en hemlighet -er	a secret(s)	Vad kan påverka en vänskap?
en sanning -ar	a truth(s)	Vad kan påverka en vänskap?
en lögn -er	a lie(s)	Vad kan påverka en vänskap?
en skilsmässa ≠ ett giftermål	a divorce ≠ a marriage	Vad kan påverka en vänskap?
en kris -er	a crisis (-es)	Vad kan påverka en vänskap?
något annat?	something else?	Vad kan påverka en vänskap?
introduceras	is introduced	Något nytt ...
slår igenom	breaks through	Något nytt ...
gör entré	makes an entrance	Något nytt ...
föds	is born	Något nytt ...
en ny författare debuterar	a new author makes their debut	Något nytt ...
tar droger	takes drugs	Verbfraser
flyttar ut på landet	moves out to the countryside	Verbfraser
odlar sin egen mat	grows their own food	Verbfraser
gör revolt	revolts	Verbfraser
är kopplad till	is linked to	Verbfraser
är som störst	is at its peak / greatest	Verbfraser
tänker tillbaka på	thinks back on	Verbfraser
får skydd mot	is protected against	Verbfraser
ngt är inne/ute	something is in / out (of fashion)	Verbfraser
tar kontakt med	makes contact with	Verbfraser
Ingen ska komma och säga att …	No one should come and say that …	Verbfraser
tryggar sin framtid	secures their future	Verbfraser
väntar sig	expects	Verbfraser
går över till	switches over to	Verbfraser
mäktig	powerful	Ska en regent vara ...?
väluppfostrad	well-mannered / well brought up	Ska en regent vara ...?
hjärtlös	heartless	Ska en regent vara ...?
sträng	strict	Ska en regent vara ...?
regerar	reigns	En regent ...
grundar en akademi	founds an academy	En regent ...
är illa omtyckt	is disliked	En regent ...
kommer överens om något	agrees on something	En regent ...
blir krönt	is crowned	En regent ...
blir kung	becomes king	En regent ...
får makten	gains power	En regent ...
tar makten	seizes power	En regent ...
förlorar makten	loses power	En regent ...
sitter vid makten	is in power	En regent ...
har ansvar för ngt	is responsible for something	En regent ...
grubblar på sina problem	broods over their problems	En regent ...
uppfostrar sina arvingar	raises their heirs	En regent ...
förbjuder alkohol	bans alcohol	En regent ...
ändrar på lagar	changes laws	En regent ...
förbereder sig för krig	prepares for war	En regent ...
skyddar sin befolkning	protects their population	En regent ...
blir besviken på ngn/ngt	becomes disappointed in someone/something	En regent ...
sysslar med välgörenhet	engages in charity work	En regent ...
stödjer funktionshindrade	supports people with disabilities	En regent ...
ett årtionde = ett decennium	a decade	Några historiska begrepp
ett århundrade = ett sekel	a century	Några historiska begrepp
rösträtten	the right to vote / suffrage	Några historiska begrepp
en folkomröstning	a referendum	Några historiska begrepp
kärnkraftsomröstningen	the nuclear power referendum	Några historiska begrepp
Palmemordet	the murder of (Prime Minister) Olof Palme	Några historiska begrepp
ett mål = ett språk (modersmål)	a language (mother tongue)	Prata om de nordiska språken!
ett grannspråk	a neighboring / related language	Prata om de nordiska språken!
förståelse	understanding / comprehension	Prata om de nordiska språken!
skriftspråk	written language	Prata om de nordiska språken!
falska vänner	false friends (words)	Prata om de nordiska språken!
en språkgrupp	a language group	Prata om de nordiska språken!
indoeuropeiska språk	Indo-European languages	Prata om de nordiska språken!
germanska språk	Germanic languages	Prata om de nordiska språken!
ett alkoholförbud	an alcohol ban / prohibition	... eller?
Kalmarunionen	the Kalmar Union	... eller?
en rörelse	a movement	... eller?
arbetarrörelsen	the labor movement	... eller?
miljörörelsen	the environmental movement	... eller?
pesten	the plague	... eller?
(bergmansk) ångest	(Bergmanesque) anxiety / angst	Prata om film, böcker och konst: olika teman
döden	death	Prata om film, böcker och konst: olika teman
familjen	the family	Prata om film, böcker och konst: olika teman
bristen på kommunikation	the lack of communication	Prata om film, böcker och konst: olika teman
den svenska synden	"the Swedish sin" (stereotype of Swedish permissiveness)	Prata om film, böcker och konst: olika teman
ungdom (-en)	youth	Prata om film, böcker och konst: olika teman
Guds tystnad	the silence of God	Prata om film, böcker och konst: olika teman
filmmanus (-et)	screenplay / film script	Om filmen/boken
titel (-n)	title	Om filmen/boken
tung och långsam	heavy and slow	Om filmen/boken
en snyftare	a tearjerker	Om filmen/boken
gripande	moving / gripping	Om filmen/boken
en svartvit film	a black-and-white film	Om filmen/boken
har gjort skandal	has caused a scandal	Om filmen/boken
(huvud-/bi-)karaktär (-er)	(main / supporting) character(s)	Om filmen/boken
(o)lyckligt slut	(un)happy ending	Om filmen/boken
(en) släktkrönika	a family saga / chronicle	Om filmen/boken
en folkkär konstnär	a beloved (national) artist	Om skaparen
folklig	down-to-earth / of the people	Om skaparen
omtyckt	well-liked	Om skaparen
stor konstnär	great artist	Om skaparen
bila (-r)	drive (a car)	I naturen kan man
uppleva (-er)	experience	I naturen kan man
upptäcka (-er)	discover	I naturen kan man
vara för sig själv	be by yourself	I naturen kan man
gå vilse	get lost	I naturen kan man
ta ett dopp	take a dip / swim	I naturen kan man
dagdrömma (-er)	daydream	I naturen kan man
glida fram över vattnet	glide across the water	I naturen kan man
söka lugn och ro	seek peace and quiet	I naturen kan man
bada naken	swim naked	I naturen kan man
ta/ha lång tid på sig	take / have a long time	I naturen kan man
få syn på (ett djur; en fågel)	catch sight of (an animal; a bird)	I naturen kan man
står för kulturell identitet, historia och traditioner	represent cultural identity, history and traditions	Landskapen i Sverige ...
viktiga för turistnäringen	important for the tourist industry	Landskapen i Sverige ...
är inte självstyrande	are not self-governing	Landskapen i Sverige ...
har inte egna lagar	do not have their own laws	Landskapen i Sverige ...
har symboler: en landskapsblomma / ett landskapsdjur	have symbols: a provincial flower / a provincial animal	Landskapen i Sverige ...
har inofficiella symboler	have unofficial symbols	Landskapen i Sverige ...
lockar turister	attract tourists	Landskapen i Sverige ...
kan man förälska sig i	one can fall in love with (them)	Landskapen i Sverige ...
imponerar	impress	Landskapen i Sverige ...
en älv	a (large) river	Natur
en fors	rapids	Natur
en sjö	a lake	Natur
ett fjäll	a mountain	Natur
ett rikt djurliv	rich wildlife	Natur
en vandringsled	a hiking trail	Natur
djupa skogar	deep forests	Natur
kusten	the coast	Natur
en tundra	a tundra	Natur
ett omväxlande landskap	a varied landscape	Natur
en skärgård	an archipelago	Natur
klippiga öar	rocky islands	Natur
branta klippor	steep cliffs	Natur
öde stränder	deserted beaches	Natur
vildmarksområde	wilderness area	Natur
ren, hög luft	clean, fresh air	Natur
rofylld natur	peaceful nature	Natur
en stig	a path	Natur
en sten	a stone / rock	Natur
en ringmur	a city / ring wall	Kultur
en gruva	a mine	Kultur
en lämning	a remain / relic	Kultur
en fästning	a fortress	Kultur
den samiska kulturen	Sami culture	Kultur
en teaterpjäs	a play (theater)	Kultur
ett parti schack	a game of chess	Kultur
ett hantverk	a craft	Kultur
en folkdräkt	a traditional folk costume	Kultur
en husmanskost	traditional home cooking	Kultur
en stadsfestival	a city festival	Kultur
begraver	buries	Kulturella aktiviteter
(filmen, boken) utspelar sig (i/på)	(the film, book) is set (in/at)	Kulturella aktiviteter
tonsätter	sets to music	Kulturella aktiviteter
man klär upp sig till fest	one dresses up for a party	Kulturella aktiviteter
ett (nära) samarbete	a (close) collaboration	Kulturella aktiviteter
roar sig	has fun / amuses themselves	Kulturella aktiviteter
livligt nöjesliv	lively nightlife / entertainment scene	Kulturella aktiviteter
festmåltid (-er)	feast / banquet(s)	Kulturella aktiviteter
full med/av	full of	Kvantiteter
mängder av	lots of	Kvantiteter
(en) gemenskap	a (sense of) community	Kvantiteter
(på) stenåldern	(in) the Stone Age	Historiskt
(på) vikingatiden	(in) the Viking Age	Historiskt
(på) medeltiden	(in) the Middle Ages	Historiskt
medeltida (kyrka, stad)	medieval (church, town)	Historiskt
är av olika slag	are of different kinds	Våra vanor och ovanor
kan man se som en sorts ritual	can be seen as a kind of ritual	Våra vanor och ovanor
händer regelbundet	happens regularly	Våra vanor och ovanor
innebär ngt	involves something	Våra vanor och ovanor
bidrar till ngt	contributes to something	Våra vanor och ovanor
skapar behov, gemenskap, efterfrågan …	creates need, community, demand …	Våra vanor och ovanor
kan vi vilja sluta med	we may want to stop (doing)	Våra vanor och ovanor
påverkar ngt	affects something	Våra vanor och ovanor
äter tre frukter om dagen	eats three pieces of fruit a day	Goda vanor
myser med familjen	cozies up with the family	Goda vanor
har en myskväll hemma	has a cozy evening at home	Goda vanor
tar en långpromenad i skogen	takes a long walk in the forest	Goda vanor
går på tangokurs	goes to tango class	Goda vanor
hör av sig till gamla vänner	gets in touch with old friends	Goda vanor
tar med lunchlåda till jobbet	brings a packed lunch to work	Goda vanor
Har du lust att … ?	Do you feel like …?	Föreslå något!
Vad sägs om en/att …?	What about a / doing …?	Föreslå något!
Hänger du med på en …?	Are you up for a …?	Föreslå något!
Ska vi …?	Shall we …?	Föreslå något!
(Men,) Kom igen!	(But,) Come on!	Övertala någon!
Det blir hur kul som helst!	It'll be so much fun!	Övertala någon!
… hur mycket som helst!	… as much as anything!	Övertala någon!
… hur bra som helst!	… as good as anything!	Övertala någon!
Visst låter det kul?	Doesn't that sound fun?	Övertala någon!
Det är ju helg / din favorit …	It's the weekend after all / your favorite …	Övertala någon!
Snälla!	Please!	Övertala någon!
i alla tider	throughout time	Berätta en historia!
för länge sedan	a long time ago	Berätta en historia!
förr i tiden	in the old days	Berätta en historia!
nuförtiden	nowadays	Berätta en historia!
på senare tid	recently	Berätta en historia!
i början av	at the beginning of	Berätta en historia!
mot/i slutet av	towards / at the end of	Berätta en historia!
PÅ elvahundratalet (1100-talet)	in the 12th century (the 1100s)	Berätta en historia!
på den tiden	at that time	Berätta en historia!
vid den här tiden	at this time	Berätta en historia!
till en början	at first	Berätta en historia!
strax innan	just before	Berätta en historia!
fortfarande	still	Berätta en historia!
än (=fortfarande) i dag	even / still today	Berätta en historia!
samtidigt (som)	at the same time (as)	Berätta en historia!
med tiden	over time	Berätta en historia!
efter en tid	after a while	Berätta en historia!
så småningom	eventually	Berätta en historia!
snart	soon	Berätta en historia!
länge	for a long time	Berätta en historia!
inom kort, inom några år	soon, within a few years	Berätta en historia!
äntligen	finally	Berätta en historia!
till slut, slutligen	in the end, finally	Berätta en historia!
att göra ngt en viss tid varje dag/vecka …	to do something at a certain time every day/week …	Vad är en vana?
att göra ngt på ett speciellt sätt	to do something in a special way	Vad är en vana?
ett sätt att förhålla sig till ngt	a way of relating to something	Vad är en vana?
erfarenhet: körvana, studievana, språkvana	experience: driving experience, study experience, language familiarity	Vad är en vana?
att bita (-er, bet, bitit) på naglarna	to bite one's nails	Jag har för vana ... / Jag har ovanan ...
att fastna på Youtube	to get stuck on YouTube	Jag har för vana ... / Jag har ovanan ...
att stoppa i mig sötsaker	to stuff myself with sweets	Jag har för vana ... / Jag har ovanan ...
att småäta	to snack	Jag har för vana ... / Jag har ovanan ...
att röka	to smoke	Jag har för vana ... / Jag har ovanan ...
att snusa	to use snus (Swedish oral tobacco)	Jag har för vana ... / Jag har ovanan ...
att smaska när jag äter	to smack / chew noisily when I eat	Jag har för vana ... / Jag har ovanan ...
att äta för snabbt	to eat too fast	Jag har för vana ... / Jag har ovanan ...
att bita mig i läppen	to bite my lip	Jag har för vana ... / Jag har ovanan ...
att svära (svär, svor, svurit)	to swear / curse	Jag har för vana ... / Jag har ovanan ...
sötsaker	sweets / candy	För gottegrisen
godis, läsk och snacks	candy, soda and snacks	För gottegrisen
en polkagris	a polkagris (Swedish peppermint candy stick)	För gottegrisen
lördagsgodis	Saturday candy (tradition of sweets on Saturdays)	För gottegrisen
plockgodis	pick-and-mix candy	För gottegrisen
smågodis	small candies	För gottegrisen
lösgodis	loose / pick-and-mix candy	För gottegrisen
lösviktsgodis	candy sold by weight	För gottegrisen
ostbågar	cheese puffs (Swedish snack)	För gottegrisen
en marsipantårta	a marzipan cake	För gottegrisen
en chokladkaka	a chocolate bar	För gottegrisen
en karamell	a candy / sweet	För gottegrisen
en kola	a toffee / caramel	För gottegrisen
en tablettask	a tin of pastilles / mints	För gottegrisen
en sockerbeta	a sugar beet	För gottegrisen
övervikt och fetma (X blir överviktig)	overweight and obesity (X becomes overweight)	Effekter
beroende (AV ngt) (X blir beroende)	addiction (to something) (X becomes addicted)	Effekter
missbruk (-et) (AV ngt) (X missbrukar)	abuse (of something) (X abuses)	Effekter
irritation (X känner sig irriterad)	irritation (X feels irritated)	Effekter
överdrift (-er) (X överdriver)	exaggeration(s) (X exaggerates)	Effekter
överdriven konsumtion (AV ngt)	excessive consumption (of something)	Effekter
gemenskap	community / togetherness	Effekter
ökad/minskad tillverkning (AV ngt)	increased / decreased production (of something)	Effekter
